prot_seq,pep_seq,prot_id,pep_id
MKTLLLTLVVVTIVCLDLGYTIVCHTTATSPISAVTCPPGENLCYRKMWCDAFCSSRGKVVELGCAATCPSKKPYEEVTCCSTDKCNPHPKQRPG,CGVPSFPPNL,1hc9,4h4f
MEPPLPVGAQPLATVEGMEMKGPLREPCALTLAQRNGQYELIIQLHEKEQHVQDIIPINSHFRCVQEAEETLLIDIASNSGCKIRVQGDWIRERRFEIPDEEHCLKFLSAVLAAQKAQSQLLVPEQKDSSSWYQKLDTKDKPSVFSGLLGFEDNFSSMNLDKKINSQNQPTGIHREPPPPPFSVNKMLPREKEASNKEQPKVTNTMRKLFVPNTQSGQREGLIKHILAKREKEYVNIQTFRFFVGTWNVNGQSPDSGLEPWLNCDPNPPDIYCIGFQELDLSTEAFFYFESVKEQEWSMAVERGLHSKAKYKKVQLVRLVGMMLLIFARKDQCRYIRDIATETVGTGIMGKMGNKGGVAVRFVFHNTTFCIVNSHLAAHVEDFERRNQDYKDICARMSFVVPNQTLPQLNIMKHEVVIWLGDLNYRLCMPDANEVKSLINKKDLQRLLKFDQLNIQRTQKKAFVDFNEGEIKFIPTYKYDSKTDRWDSSGKCRVPAWCDRILWRGTNVNQLNYRSHMELKTSDHKPVSALFHIGVKVVDERRYRKVFEDSVRIMDRMENDFLPSLELSRREFVFENVKFRQLQKEKFQISNNGQVPCHFSFIPKLNDSQYCKPWLRAEPFEGYLEPNETVDISLDVYVSKDSVTILNSGEDKIEDILVLHLDRGKDYFLTISGNYLPSCFGTSLEALCRMKRPIREVPVTKLIDLEEDSFLEKEKSLLQMVPLDEGASERPLQVPKEIWLLVDHLFKYACHQEDLFQTPGMQEELQQIIDCLDTSIPETIPGSNHSVAEALLIFLEALPEPVICYELYQRCLDSAYDPRICRQVISQLPRCHRNVFRYLMAFLRELLKFSEYNSVNANMIATLFTSLLLRPPPNLMARQTPSDRQRAIQFLLGFLLGSEED,QTSHKLVQLLTTT,3qis,2fvj
MAGVGTPCANGCGPSAPSEAEVLHLCRSLEVGTVMTLFYSKKSQRPERKTFQVKLETRQITWSRGADKIEGSIDIREIKEIRPGKTSRDFDRYQEDPAFRPDQSHCFVILYGMEFRLKTLSLQATSEDEVNMWIKGLTWLMEDTLQAATPLQIERWLRKQFYSVDRNREDRISAKDLKNMLSQVNYRVPNMRFLRERLTDFEQRSGDITYGQFAQLYRSLMYSAQKTMDLPFLETNTLRTGERPELCQVSLSEFQQFLLEYQGELWAVDRLQVQEFMLSFLRDPLREIEEPYFFLDELVTFLFSKENSVWNSQLDAVCPETMNNPLSHYWISSSHNTYLTGDQFSSESSLEAYARCLRMGCRCIELDCWDGPDGMPVIYHGHTLTTKIKFSDVLHTIKEHAFVASEYPVILSIEDHCSIAQQRNMAQHFRKVLGDTLLTKPVDIAADGLPSPNQLKRKILIKHKKLAEGSAYEEVPTSVMYSENDISNSIKNGILYLEDPVNHEWYPHYFVLTSSKIYYSEETSSDQGNEDEEEPKEASGSTELHSSEKWFHGKLGAGRDGRHIAERLLTEYCIETGAPDGSFLVRESETFVGDYTLSFWRNGKVQHCRIHSRQDAGTPKFFLTDNLVFDSLYDLITHYQQVPLRCNEFEMRLSEPVPQTNAHESKEWYHASLTRAQAEHMLMRVPRDGAFLVRKRNEPNSYAISFRAEGKIKHCRVQQEGQTVMLGNSEFDSLVDLISYYEKHPLYRKMKLRYPINEEALEKIGTAEPDYGALYEGRNPGFYVEANPMPTFKCAVKALFDYKAQREDELTFTKSAIIQNVEKQDGGWWRGDYGGKKQLWFPSNYVEEMINPAILEPEREHLDENSPLGDLLRGVLDVPACQIAIRPEGKNNRLFVFSISMPSVAQWSLDVAADSQEELQDWVKKIREVAQTADARLTEGKMMERRKKIALELSELVVYCRPVPFDEEKIGTERACYRDMSSFPETKAEKYVNKAKGKKFLQYNRLQLSRIYPKGQRLDSSNYDPLPMWICGSQLVALNFQTPDKPMQMNQALFMAGGHCGYVLQPSTMRDEAFDPFDKSSLRGLEPCVICIEVLGARHLPKNGRGIVCPFVEIEVAGAEYDSTKQKTEFVVDNGLNPVWPAKPFHFQISNPEFAFLRFVVYEEDMFSDQNFLAQATFPVKGLKTGYRAVPLKNNYSEDLELASLLIKIDIFPAKENGDLSPFSGTSLRERASDASSQLFHVRAREGSFEARYQQPFEDFRISQEHLADHFDSRERRAPRRTRVNGDNRL,GHGQGLLDALDLAS,1ywo,2o02
MLFRAVLLCAALGLSQAANPCCSNPCQNRGECMSTGFDQYKCDCTRTGFYGENCTTPEFLTRIKLLLKPTPNTVHYILTHFKGVWNIVNNIPFLRSLIMKYVLTSRSYLIDSPPTYNVHYGYKSWEAFSNLSYYTRALPPVADDCPTPMGVKGNKELPDSKEVLEKVLLRREFIPDPQGSNMMFAFFAQHFTHQFFKTDHKRGPGFTRGLGHGVDLNHIYGETLDRQHKLRLFKDGKLKYQVIGGEVYPPTVKDTQVEMIYPPHIPENLQFAVGQEVFGLVPGLMMYATIWLREHNRVCDILKQEHPEWGDEQLFQTSRLILIGETIKIVIEDYVQHLSGYHFKLKFDPELLFNQQFQYQNRIASEFNTLYHWHPLLPDTFNIEDQEYSFKQFLYNNSILLEHGLTQFVESFTRQIAGRVAGGRNVPIAVQAVAKASIDQSREMKYQSLNEYRKRFSLKPYTSFEELTGEKEMAAELKALYSDIDVMELYPALLVEKPRPDAIFGETMVELGAPFSLKGLMGNPICSPQYWKPSTFGGEVGFKIINTASIQSLICNNVKGCPFTSFNVQDPQPTKTATINASASHSRLDDINPTVLIKRRSTEL,NGKSQSIIVGPWGD,1cvu,3llz
MDKNELVQKAKLAEQAERYDDMAACMKSVTEQGAELSNEERNLLSVAYKNVVGARRSSWRVVSSIEQKTEGAEKKQQMAREYREKIETELRDICNDVLSLLEKFLIPNASQAESKVFYLKMKGDYYRYLAEVAAGDDKKGIVDQSQQAYQEAFEISKKEMQPTHPIRLGLALNFSVFYYEILNSPEKACSLAKTAFDEAIAELDTLSEESYKDSTLIMQLLRDNLTLWTSDTQGDEAEAGEGGEN,SNLNPNAKEFVPGVK,2o02,3kus
MSELEKAVVALIDVFHQYSGREGDKHKLKKSELKELINNELSHFLEEIKEQEVVDKVMETLDSDGDGECDFQEFMAFVAMITTACHEFFEHE,ADLSLEKAANVQWD,3rm1,2whx
MGSSEQELKAIVKDLGCGPYFLGTYDKRFPGFVSPHKLACAIVNTAGRETGGVHWMAFAWNPRSKTCYLFEPFGFSDQRLKQVYQFEYESLLRRSAIASSPDRCITLEKSTQSVQGPNSAACGLFCCMFLHAFANWPQTPMDHNPTMNLITGVPNSMLNSPQVQPTLRRNQEQLYSFLERHSPYFRSHSAQIRSATSFCHLKNM,VRELLPELPHPPSE,1nln,2w2u
MSRVPSPPPPAEMSSGPVAESWCYTQIKVVKFSYMWTINNFSFCREEMGEVIKSSTFSSGANDKLKWCLRVNPKGLDEESKDYLSLYLLLVSCPKSEVRAKFKFSILNAKGEETKAMESQRAYRFVQGKDWGFKKFIRRDFLLDEANGLLPDDKLTLFCEVSVVQDSVNISGQNTMNMVKVPECRLADELGGLWENSRFTDCCLCVAGQEFQAHKAILAARSPVFSAMFEHEMEESKKNRVEINDVEPEVFKEMMCFIYTGKAPNLDKMADDLLAAADKYALERLKVMCEDALCSNLSVENAAEILILADLHSADQLKTQAVDFINYHASDVLETSGWKSMVVSHPHLVAEAYRSLASAQCPFLGPPRKRLKQS,NFDNPVYRKT,3ivv,1ntv
MSYIPGQPVTAVVQRVEIHKLRQGENLILGFSIGGGIDQDPSQNPFSEDKTDKGIYVTRVSEGGPAEIAGLQIGDKIMQVNGWDMTMVTHDQARKRLTKRSEEVVRLLVTRQSLQKAVQQSMLS,ARQNPGLAYGNPYS,3sfj,4gxl
MALRRLGAALLLLPLLAAVEETLMDSTTATAELGWMVHPPSGWEEVSGYDENMNTIRTYQVCNVFESSQNNWLRTKFIRRRGAHRIHVEMKFSVRDCSSIPSVPGSCKETFNLYYYEADFDSATKTFPNWMENPWVKVDTIAADESFSQVDLGGRVMKINTEVRSFGPVSRSGFYLAFQDYGGCMSLIAVRVFYRKCPRIIQNGAIFQETLSGAESTSLVAARGSCIANAEEVDVPIKLYCNGDGEWLVPIGRCMCKAGFEAVENGTVCRGCPSGTFKANQGDEACTHCPINSRTTSEGATNCVCRNGYYRADLDPLDMPCTTIPSAPQAVISSVNETSLMLEWTPPRDSGGREDLVYNIICKSCGSGRGACTRCGDNVQYAPRQLGLTEPRIYISDLLAHTQYTFEIQAVNGVTDQSPFSPQFASVNITTNQAAPSAVSIMHQVSRTVDSITLSWSQPDQPNGVILDYELQYYEKELSEYNATAIKSPTNTVTVQGLKAGAIYVFQVRARTVAGYGRYSGKMYFQTMTEAEYQTSIQEKLPLIIGSSAAGLVFLIAVVVIAIVCNRRGFERADSEYTDKLQHYTSGHMTPGMKIYIDPFTYEDPNEAVREFAKEIDISCVKIEQVIGAGEFGEVCSGHLKLPGKREIFVAIKTLKSGYTEKQRRDFLSEASIMGQFDHPNVIHLEGVVTKSTPVMIITEFMENGSLDSFLRQNDGQFTVIQLVGMLRGIAAGMKYLADMNYVHRDLAARNILVNSNLVCKVSDFGLSRFLEDDTSDPTYTSALGGKIPIRWTAPEAIQYRKFTSASDVWSYGIVMWEVMSYGERPYWDMTNQDVINAIEQDYRLPPPMDCPSALHQLMLDCWQKDRNHRPKFGQIVNTLDKMIRNPNSLKAMAPLSSGINLPLLDRTIPDYTSFNTVDEWLEAIKMGQYKESFANAGFTSFDVVSQMMMEDILRVGVTLAGHQKKILNSIQVMRAQMNQIQSVEGQPLARRPRATGRTKRCQPRDVTKKTCNSNDGKKKGMGKKKTDPGRGREIQGIFFKEDSHKESNDCSCGG,RPTILYALLSPSPR,2qbx,1ymt
